id;code;date;details;status;payment_method;payment_date;payment_amount;product_order_id
1;mobile Fish;2019-12-07T17:56:18;Savings Account Dam;ISSUED;CREDIT_CARD;2019-12-08T11:17:49;96990;72199
2;Implementation Electronics Officer;2019-12-07T21:49:53;Home Loan Account;PAID;CREDIT_CARD;2019-12-07T13:16:51;36636;23277
3;Licensed Savings Account;2019-12-08T03:28:18;Planner Canyon;CANCELLED;CREDIT_CARD;2019-12-08T07:06:34;68423;24102
4;Bahamian Dollar Investment Account;2019-12-07T16:39:16;Salad;PAID;CREDIT_CARD;2019-12-08T11:53:57;96958;84228
5;Views e-enable Communications;2019-12-07T19:11:47;archive Georgia Aruba;CANCELLED;CASH_ON_DELIVERY;2019-12-08T06:01:37;14092;29627
6;Car Industrial deliverables;2019-12-08T03:10:25;24 hour;CANCELLED;CREDIT_CARD;2019-12-07T14:41:31;86310;85003
7;Highway Ergonomic;2019-12-08T03:45:05;Lempira;CANCELLED;PAYPAL;2019-12-07T16:16:38;76078;72172
8;Robust Networked;2019-12-08T11:40:49;system Small;ISSUED;PAYPAL;2019-12-08T09:18:25;24929;60441
9;Saint Lucia white;2019-12-07T14:01:21;Money Market Account;ISSUED;PAYPAL;2019-12-08T07:24:30;18657;41650
10;EXE projection Fresh;2019-12-08T04:05:59;Direct;ISSUED;PAYPAL;2019-12-08T05:20:10;695;16465
